/* Person list */

insert into rest_api_person (id, first_name, last_name, email, phone, address, profile_statement, profile_link) values (1, 'Jen', 'Seabright', 'jseabright0@rakuten.co.jp', '107-375-6704', '25 Logan Center', 'Duis consequat dui nec nisi volutpat eleifend. Donec ut dolor. Morbi vel lectus in quam fringilla rhoncus.', 'http://sakura.ne.jp/justo/nec/condimentum.json');
insert into rest_api_person (id, first_name, last_name, email, phone, address, profile_statement, profile_link) values (2, 'Max', 'Mahaddy', 'mmahaddy1@cbc.ca', '694-395-0161', '06530 Colorado Alley', 'Nullam varius. Nulla facilisi. Cras non velit nec nisi vulputate nonummy.', 'http://bbc.co.uk/arcu/libero/rutrum/ac/lobortis/vel.jsp');
insert into rest_api_person (id, first_name, last_name, email, phone, address, profile_statement, profile_link) values (3, 'Olympia', 'Napoleone', 'onapoleone2@phoca.cz', '697-741-0071', '76 Oxford Alley', 'Etiam pretium iaculis justo. In hac habitasse platea dictumst. Etiam faucibus cursus urna.', 'https://cafepress.com/nisl.jsp');
insert into rest_api_person (id, first_name, last_name, email, phone, address, profile_statement, profile_link) values (4, 'Frederik', 'Dodd', 'fdodd3@geocities.com', '800-661-1253', '6915 8th Hill', 'Integer ac leo. Pellentesque ultrices mattis odio.', 'https://lulu.com/tempus/sit/amet/sem/fusce/consequat.json');
insert into rest_api_person (id, first_name, last_name, email, phone, address, profile_statement, profile_link) values (5, 'Archer', 'Chown', 'achown4@hugedomains.com', '255-325-1982', '04 Mccormick Street', 'Nam ultrices, libero non mattis pulvinar, nulla pede ullamcorper augue, a suscipit nulla elit ac nulla. Sed vel enim sit amet nunc viverra dapibus.', 'http://aboutads.info/donec/vitae.aspx');
insert into rest_api_person (id, first_name, last_name, email, phone, address, profile_statement, profile_link) values (6, 'Lila', 'Jewson', 'ljewson5@patch.com', '475-238-1114', '5 Scoville Park', 'Maecenas tincidunt lacus at velit. Vivamus vel nulla eget eros elementum pellentesque. Quisque porta volutpat erat.', 'http://wunderground.com/gravida/nisi/at.json');
insert into rest_api_person (id, first_name, last_name, email, phone, address, profile_statement, profile_link) values (7, 'Patty', 'Luciani', 'pluciani6@jimdo.com', '154-377-9934', '16386 Logan Plaza', 'Aliquam non mauris. Morbi non lectus. Aliquam sit amet diam in magna bibendum imperdiet.', 'http://nasa.gov/erat.aspx');
insert into rest_api_person (id, first_name, last_name, email, phone, address, profile_statement, profile_link) values (8, 'Gale', 'Patroni', 'gpatroni7@sohu.com', '482-889-7393', '9 Cordelia Trail', 'Vestibulum ac est lacinia nisi venenatis tristique. Fusce congue, diam id ornare imperdiet, sapien urna pretium nisl, ut volutpat sapien arcu sed augue.', 'http://gravatar.com/leo/pellentesque/ultrices/mattis/odio/donec.html');
insert into rest_api_person (id, first_name, last_name, email, phone, address, profile_statement, profile_link) values (9, 'Rodd', 'Sinnocke', 'rsinnocke8@instagram.com', '953-373-4786', '0 Londonderry Point', 'Nam congue, risus semper porta volutpat, quam pede lobortis ligula, sit amet eleifend pede libero quis orci. Nullam molestie nibh in lectus.', 'https://e-recht24.de/tincidunt/eget/tempus/vel.aspx');
insert into rest_api_person (id, first_name, last_name, email, phone, address, profile_statement, profile_link) values (10, 'Gavrielle', 'Serjent', 'gserjent9@yellowpages.com', '788-878-6771', '1512 Corscot Pass', 'Etiam vel augue. Vestibulum rutrum rutrum neque.', 'http://ihg.com/aliquam/sit.html');
insert into rest_api_person (id, first_name, last_name, email, phone, address, profile_statement, profile_link) values (11, 'Charo', 'Jereatt', 'cjereatta@java.com', '585-441-8233', '2487 Derek Alley', 'Morbi vestibulum, velit id pretium iaculis, diam erat fermentum justo, nec condimentum neque sapien placerat ante. Nulla justo.', 'http://webnode.com/fermentum/donec/ut/mauris/eget/massa.json');
insert into rest_api_person (id, first_name, last_name, email, phone, address, profile_statement, profile_link) values (12, 'Rhodia', 'Inglis', 'ringlisb@stanford.edu', '407-621-2383', '3 Elgar Junction', 'Morbi a ipsum. Integer a nibh. In quis justo.', 'https://wufoo.com/ante.xml');
insert into rest_api_person (id, first_name, last_name, email, phone, address, profile_statement, profile_link) values (13, 'Davidson', 'Biasioni', 'dbiasionic@bloglines.com', '424-324-2532', '2 Green Circle', 'Curabitur at ipsum ac tellus semper interdum. Mauris ullamcorper purus sit amet nulla.', 'http://linkedin.com/congue/vivamus/metus/arcu/adipiscing/molestie.js');
insert into rest_api_person (id, first_name, last_name, email, phone, address, profile_statement, profile_link) values (14, 'Patin', 'Bernaldez', 'pbernaldezd@blinklist.com', '933-589-9699', '3737 Loftsgordon Road', 'Cum sociis natoque penatibus et magnis dis parturient montes, nascetur ridiculus mus. Vivamus vestibulum sagittis sapien.', 'http://posterous.com/at/nibh/in/hac/habitasse.png');
insert into rest_api_person (id, first_name, last_name, email, phone, address, profile_statement, profile_link) values (15, 'Julienne', 'Unitt', 'junitte@webeden.co.uk', '651-122-2870', '874 Farwell Hill', 'Quisque ut erat. Curabitur gravida nisi at nibh. In hac habitasse platea dictumst.', 'https://webeden.co.uk/duis/consequat/dui/nec/nisi/volutpat.html');
insert into rest_api_person (id, first_name, last_name, email, phone, address, profile_statement, profile_link) values (16, 'Sibylla', 'Ever', 'severf@fastcompany.com', '227-955-0513', '636 Grover Alley', 'Proin at turpis a pede posuere nonummy. Integer non velit. Donec diam neque, vestibulum eget, vulputate ut, ultrices vel, augue.', 'http://naver.com/elementum/nullam/varius/nulla/facilisi.html');
insert into rest_api_person (id, first_name, last_name, email, phone, address, profile_statement, profile_link) values (17, 'Shaun', 'Emmanuel', 'semmanuelg@geocities.jp', '901-553-6791', '24 Warrior Plaza', 'Morbi a ipsum. Integer a nibh. In quis justo.', 'http://gov.uk/aenean/sit/amet.xml');
insert into rest_api_person (id, first_name, last_name, email, phone, address, profile_statement, profile_link) values (18, 'Dulce', 'Skillitt', 'dskillitth@army.mil', '532-549-3606', '2879 Bartelt Alley', 'Maecenas tristique, est et tempus semper, est quam pharetra magna, ac consequat metus sapien ut nunc. Vestibulum ante ipsum primis in faucibus orci luctus et ultrices posuere cubilia Curae; Mauris viverra diam vitae quam.', 'http://rambler.ru/semper/interdum/mauris.json');
insert into rest_api_person (id, first_name, last_name, email, phone, address, profile_statement, profile_link) values (19, 'Meredith', 'Celiz', 'mcelizi@51.la', '473-237-4756', '91453 1st Alley', 'Nulla ut erat id mauris vulputate elementum. Nullam varius. Nulla facilisi.', 'https://istockphoto.com/varius/ut/blandit/non/interdum.js');
insert into rest_api_person (id, first_name, last_name, email, phone, address, profile_statement, profile_link) values (20, 'Darya', 'Hablet', 'dhabletj@chron.com', '609-571-5208', '10943 Monument Center', 'Curabitur at ipsum ac tellus semper interdum. Mauris ullamcorper purus sit amet nulla. Quisque arcu libero, rutrum ac, lobortis vel, dapibus at, diam.', 'http://hp.com/quisque/id/justo/sit.js');
insert into rest_api_person (id, first_name, last_name, email, phone, address, profile_statement, profile_link) values (21, 'Morgen', 'Hens', 'mhensk@nih.gov', '484-336-9652', '12546 Haas Way', 'Aliquam augue quam, sollicitudin vitae, consectetuer eget, rutrum at, lorem. Integer tincidunt ante vel ipsum. Praesent blandit lacinia erat.', 'https://sourceforge.net/vel/sem/sed/sagittis.html');
insert into rest_api_person (id, first_name, last_name, email, phone, address, profile_statement, profile_link) values (22, 'Jacenta', 'Olfert', 'jolfertl@yahoo.co.jp', '189-358-2913', '22642 Ryan Road', 'Vestibulum ante ipsum primis in faucibus orci luctus et ultrices posuere cubilia Curae; Mauris viverra diam vitae quam. Suspendisse potenti.', 'http://mozilla.com/non/interdum/in/ante/vestibulum.png');
insert into rest_api_person (id, first_name, last_name, email, phone, address, profile_statement, profile_link) values (23, 'Camile', 'Watman', 'cwatmanm@networkadvertising.org', '125-466-0970', '31 Northridge Junction', 'Donec ut mauris eget massa tempor convallis. Nulla neque libero, convallis eget, eleifend luctus, ultricies eu, nibh. Quisque id justo sit amet sapien dignissim vestibulum.', 'http://webs.com/tempus/sit/amet/sem/fusce/consequat/nulla.xml');
insert into rest_api_person (id, first_name, last_name, email, phone, address, profile_statement, profile_link) values (24, 'Garland', 'Deans', 'gdeansn@lycos.com', '890-135-0327', '56958 Dayton Road', 'In hac habitasse platea dictumst. Aliquam augue quam, sollicitudin vitae, consectetuer eget, rutrum at, lorem.', 'http://angelfire.com/mus/etiam/vel/augue.js');
insert into rest_api_person (id, first_name, last_name, email, phone, address, profile_statement, profile_link) values (25, 'Jerrome', 'Burrett', 'jburretto@kickstarter.com', '132-340-8957', '99 Onsgard Center', 'Aliquam augue quam, sollicitudin vitae, consectetuer eget, rutrum at, lorem. Integer tincidunt ante vel ipsum.', 'http://free.fr/purus/sit/amet/nulla.jpg');
insert into rest_api_person (id, first_name, last_name, email, phone, address, profile_statement, profile_link) values (26, 'Jerome', 'Gilleson', 'jgillesonp@weebly.com', '377-896-2471', '3 Talisman Alley', 'Duis ac nibh. Fusce lacus purus, aliquet at, feugiat non, pretium quis, lectus.', 'http://webmd.com/ante/ipsum/primis/in/faucibus/orci/luctus.html');
insert into rest_api_person (id, first_name, last_name, email, phone, address, profile_statement, profile_link) values (27, 'Melamie', 'Browncey', 'mbrownceyq@state.tx.us', '178-648-1213', '330 Katie Circle', 'Mauris ullamcorper purus sit amet nulla. Quisque arcu libero, rutrum ac, lobortis vel, dapibus at, diam.', 'https://soup.io/pellentesque/viverra/pede/ac/diam.png');
insert into rest_api_person (id, first_name, last_name, email, phone, address, profile_statement, profile_link) values (28, 'Penelopa', 'Maw', 'pmawr@usa.gov', '242-729-0491', '34 Bashford Trail', 'Morbi quis tortor id nulla ultrices aliquet. Maecenas leo odio, condimentum id, luctus nec, molestie sed, justo. Pellentesque viverra pede ac diam.', 'https://google.ru/id/ligula/suspendisse/ornare/consequat/lectus.png');
insert into rest_api_person (id, first_name, last_name, email, phone, address, profile_statement, profile_link) values (29, 'Eda', 'McIndrew', 'emcindrews@dyndns.org', '816-550-1778', '47034 Butterfield Trail', 'In blandit ultrices enim. Lorem ipsum dolor sit amet, consectetuer adipiscing elit. Proin interdum mauris non ligula pellentesque ultrices.', 'https://hatena.ne.jp/luctus/nec/molestie/sed/justo.json');
insert into rest_api_person (id, first_name, last_name, email, phone, address, profile_statement, profile_link) values (30, 'Bee', 'Hendin', 'bhendint@moonfruit.com', '413-358-8451', '77077 Northport Hill', 'Aliquam erat volutpat. In congue. Etiam justo.', 'http://sciencedirect.com/risus/praesent/lectus/vestibulum/quam/sapien.xml');
insert into rest_api_person (id, first_name, last_name, email, phone, address, profile_statement, profile_link) values (31, 'Vitia', 'Slucock', 'vslucocku@usgs.gov', '837-460-0946', '33 Maryland Center', 'Etiam vel augue. Vestibulum rutrum rutrum neque. Aenean auctor gravida sem.', 'https://pcworld.com/quis/orci.png');
insert into rest_api_person (id, first_name, last_name, email, phone, address, profile_statement, profile_link) values (32, 'Neddy', 'Southerton', 'nsouthertonv@photobucket.com', '429-405-7548', '7 Kenwood Avenue', 'Aliquam sit amet diam in magna bibendum imperdiet. Nullam orci pede, venenatis non, sodales sed, tincidunt eu, felis.', 'https://sphinn.com/odio/odio/elementum/eu/interdum/eu.jsp');
insert into rest_api_person (id, first_name, last_name, email, phone, address, profile_statement, profile_link) values (33, 'Shannan', 'Woodruff', 'swoodruffw@soundcloud.com', '495-360-4832', '58 Porter Plaza', 'Morbi odio odio, elementum eu, interdum eu, tincidunt in, leo. Maecenas pulvinar lobortis est. Phasellus sit amet erat.', 'http://smugmug.com/tortor/risus.xml');
insert into rest_api_person (id, first_name, last_name, email, phone, address, profile_statement, profile_link) values (34, 'Germaine', 'Melia', 'gmeliax@acquirethisname.com', '749-531-3140', '59 Messerschmidt Circle', 'Donec dapibus. Duis at velit eu est congue elementum.', 'https://lycos.com/pede.json');
insert into rest_api_person (id, first_name, last_name, email, phone, address, profile_statement, profile_link) values (35, 'Alla', 'Bradnam', 'abradnamy@jugem.jp', '750-278-6542', '8961 Kings Parkway', 'Vestibulum quam sapien, varius ut, blandit non, interdum in, ante. Vestibulum ante ipsum primis in faucibus orci luctus et ultrices posuere cubilia Curae; Duis faucibus accumsan odio. Curabitur convallis.', 'http://naver.com/nunc/nisl/duis/bibendum/felis/sed.jpg');
insert into rest_api_person (id, first_name, last_name, email, phone, address, profile_statement, profile_link) values (36, 'Clem', 'Vallentin', 'cvallentinz@facebook.com', '701-625-4307', '62 Artisan Plaza', 'Phasellus id sapien in sapien iaculis congue. Vivamus metus arcu, adipiscing molestie, hendrerit at, vulputate vitae, nisl.', 'http://shop-pro.jp/bibendum/morbi/non.jsp');
insert into rest_api_person (id, first_name, last_name, email, phone, address, profile_statement, profile_link) values (37, 'Kerwin', 'Hardwin', 'khardwin10@aboutads.info', '806-814-7997', '3324 Cordelia Terrace', 'Morbi sem mauris, laoreet ut, rhoncus aliquet, pulvinar sed, nisl. Nunc rhoncus dui vel sem. Sed sagittis.', 'https://redcross.org/felis/donec/semper/sapien/a/libero/nam.jpg');
insert into rest_api_person (id, first_name, last_name, email, phone, address, profile_statement, profile_link) values (38, 'Ransell', 'Stiegars', 'rstiegars11@tripod.com', '525-895-4500', '4 Weeping Birch Junction', 'Cras in purus eu magna vulputate luctus. Cum sociis natoque penatibus et magnis dis parturient montes, nascetur ridiculus mus. Vivamus vestibulum sagittis sapien.', 'https://fotki.com/nascetur/ridiculus/mus/vivamus/vestibulum/sagittis/sapien.aspx');
insert into rest_api_person (id, first_name, last_name, email, phone, address, profile_statement, profile_link) values (39, 'Elysha', 'Tacey', 'etacey12@drupal.org', '890-800-7552', '18 Granby Road', 'In est risus, auctor sed, tristique in, tempus sit amet, sem. Fusce consequat.', 'http://cam.ac.uk/imperdiet/nullam/orci/pede.jsp');
insert into rest_api_person (id, first_name, last_name, email, phone, address, profile_statement, profile_link) values (40, 'Lucia', 'Indge', 'lindge13@hubpages.com', '621-204-3544', '62882 Hoffman Crossing', 'Maecenas ut massa quis augue luctus tincidunt. Nulla mollis molestie lorem.', 'https://facebook.com/faucibus/orci/luctus/et.js');
insert into rest_api_person (id, first_name, last_name, email, phone, address, profile_statement, profile_link) values (41, 'Sutton', 'Fritter', 'sfritter14@buzzfeed.com', '117-276-6257', '17435 Lakewood Point', 'Duis consequat dui nec nisi volutpat eleifend. Donec ut dolor.', 'http://sciencedaily.com/id/massa/id/nisl/venenatis/lacinia.js');
insert into rest_api_person (id, first_name, last_name, email, phone, address, profile_statement, profile_link) values (42, 'Farlie', 'Angerstein', 'fangerstein15@pen.io', '722-764-8073', '14847 Grayhawk Junction', 'Vestibulum ac est lacinia nisi venenatis tristique. Fusce congue, diam id ornare imperdiet, sapien urna pretium nisl, ut volutpat sapien arcu sed augue. Aliquam erat volutpat.', 'https://npr.org/nulla.js');
insert into rest_api_person (id, first_name, last_name, email, phone, address, profile_statement, profile_link) values (43, 'Rorke', 'Matijevic', 'rmatijevic16@nytimes.com', '121-412-3831', '728 Melrose Street', 'Integer ac leo. Pellentesque ultrices mattis odio. Donec vitae nisi.', 'http://yale.edu/mi/sit/amet/lobortis/sapien.html');
insert into rest_api_person (id, first_name, last_name, email, phone, address, profile_statement, profile_link) values (44, 'Sigfried', 'Yair', 'syair17@earthlink.net', '337-669-3981', '0440 Stephen Pass', 'In congue. Etiam justo. Etiam pretium iaculis justo.', 'https://bloglovin.com/mus/etiam/vel/augue/vestibulum/rutrum/rutrum.png');
insert into rest_api_person (id, first_name, last_name, email, phone, address, profile_statement, profile_link) values (45, 'Shelley', 'Zambonini', 'szambonini18@elpais.com', '301-344-7208', '300 Stang Street', 'Praesent blandit. Nam nulla. Integer pede justo, lacinia eget, tincidunt eget, tempus vel, pede.', 'https://paypal.com/non/ligula.xml');
insert into rest_api_person (id, first_name, last_name, email, phone, address, profile_statement, profile_link) values (46, 'Robin', 'Labdon', 'rlabdon19@shop-pro.jp', '550-552-3158', '61924 Myrtle Park', 'Mauris sit amet eros. Suspendisse accumsan tortor quis turpis. Sed ante.', 'http://1und1.de/lectus/in/quam/fringilla/rhoncus/mauris/enim.html');
insert into rest_api_person (id, first_name, last_name, email, phone, address, profile_statement, profile_link) values (47, 'Gerardo', 'Dyos', 'gdyos1a@amazon.de', '888-128-8953', '87990 Kim Road', 'Cras in purus eu magna vulputate luctus. Cum sociis natoque penatibus et magnis dis parturient montes, nascetur ridiculus mus.', 'https://amazon.co.jp/rutrum/nulla/nunc/purus.js');
insert into rest_api_person (id, first_name, last_name, email, phone, address, profile_statement, profile_link) values (48, 'Ezequiel', 'Deverell', 'edeverell1b@g.co', '546-159-5975', '491 West Road', 'Aliquam sit amet diam in magna bibendum imperdiet. Nullam orci pede, venenatis non, sodales sed, tincidunt eu, felis. Fusce posuere felis sed lacus.', 'https://macromedia.com/turpis/enim/blandit.jsp');
insert into rest_api_person (id, first_name, last_name, email, phone, address, profile_statement, profile_link) values (49, 'Hewitt', 'Maddrell', 'hmaddrell1c@usnews.com', '841-807-3650', '9 Dorton Place', 'Phasellus in felis. Donec semper sapien a libero.', 'http://reference.com/praesent.json');
insert into rest_api_person (id, first_name, last_name, email, phone, address, profile_statement, profile_link) values (50, 'Hunt', 'Borge', 'hborge1d@squidoo.com', '878-810-1606', '2 Texas Junction', 'Nunc purus. Phasellus in felis. Donec semper sapien a libero.', 'https://aboutads.info/neque/vestibulum/eget/vulputate/ut/ultrices/vel.html');


/* Project list */

insert into rest_api_project (id, title, subtitle, description, git_link, test_link, person_id) values (1, 'Fix San', 'model', 'Nulla mollis molestie lorem.', 'https://msu.edu/nisl.jsp', 'http://prnewswire.com/suspendisse.js', 6);
insert into rest_api_project (id, title, subtitle, description, git_link, test_link, person_id) values (2, 'Zamit', 'object-oriented', 'Maecenas ut massa quis augue luctus tincidunt. Nulla mollis molestie lorem.', 'https://addtoany.com/neque/libero/convallis/eget/eleifend/luctus/ultricies.png', 'https://jigsy.com/cum/sociis/natoque/penatibus/et/magnis.jsp', 8);
insert into rest_api_project (id, title, subtitle, description, git_link, test_link, person_id) values (3, 'Kanlam', 'system engine', 'Vestibulum rutrum rutrum neque. Aenean auctor gravida sem.', 'http://princeton.edu/cursus/urna.xml', 'http://java.com/vestibulum.json', 12);
insert into rest_api_project (id, title, subtitle, description, git_link, test_link, person_id) values (4, 'Andalax', 'global', 'Sed accumsan felis.', 'http://pen.io/luctus/nec.jpg', 'https://angelfire.com/lacinia/aenean/sit/amet/justo/morbi/ut.png', 2);
insert into rest_api_project (id, title, subtitle, description, git_link, test_link, person_id) values (5, 'Tin', 'optimizing', 'Morbi a ipsum. Integer a nibh.', 'https://mediafire.com/velit/donec/diam/neque.xml', 'https://harvard.edu/morbi/odio/odio/elementum/eu/interdum/eu.xml', 37);
insert into rest_api_project (id, title, subtitle, description, git_link, test_link, person_id) values (6, 'It', 'Programmable', 'Cum sociis natoque penatibus et magnis dis parturient montes, nascetur ridiculus mus.', 'http://seattletimes.com/est/lacinia/nisi.json', 'https://about.com/at/diam/nam/tristique.png', 32);
insert into rest_api_project (id, title, subtitle, description, git_link, test_link, person_id) values (7, 'Y-find', 'zero tolerance', 'Etiam vel augue. Vestibulum rutrum rutrum neque.', 'http://va.gov/luctus/rutrum/nulla/tellus/in/sagittis.aspx', 'https://infoseek.co.jp/purus/sit/amet/nulla/quisque/arcu/libero.html', 41);
insert into rest_api_project (id, title, subtitle, description, git_link, test_link, person_id) values (8, 'Veribet', 'impactful', 'Nulla ac enim.', 'http://yelp.com/ultrices/posuere/cubilia/curae/duis/faucibus/accumsan.xml', 'http://dell.com/aliquet/ultrices/erat/tortor/sollicitudin/mi/sit.aspx', 17);
insert into rest_api_project (id, title, subtitle, description, git_link, test_link, person_id) values (9, 'Ventosanzap', 'ability', 'Suspendisse ornare consequat lectus. In est risus, auctor sed, tristique in, tempus sit amet, sem. Fusce consequat.', 'https://wikimedia.org/congue/etiam/justo/etiam.json', 'https://dropbox.com/lectus/suspendisse/potenti/in/eleifend.html', 12);
insert into rest_api_project (id, title, subtitle, description, git_link, test_link, person_id) values (10, 'Rank', 'Public-key', 'Fusce posuere felis sed lacus.', 'https://prnewswire.com/nibh/ligula/nec/sem/duis.aspx', 'http://creativecommons.org/nisi.js', 14);
insert into rest_api_project (id, title, subtitle, description, git_link, test_link, person_id) values (11, 'Domainer', 'non-volatile', 'Fusce lacus purus, aliquet at, feugiat non, pretium quis, lectus.', 'http://google.nl/vulputate/vitae/nisl/aenean/lectus/pellentesque/eget.js', 'http://nationalgeographic.com/ipsum/primis.jsp', 50);
insert into rest_api_project (id, title, subtitle, description, git_link, test_link, person_id) values (12, 'Hatity', 'structure', 'Suspendisse potenti.', 'https://google.ca/fusce/congue/diam/id/ornare/imperdiet.png', 'https://army.mil/convallis.aspx', 34);
insert into rest_api_project (id, title, subtitle, description, git_link, test_link, person_id) values (13, 'Greenlam', 'Innovative', 'Mauris enim leo, rhoncus sed, vestibulum sit amet, cursus id, turpis.', 'https://wix.com/nec/dui/luctus/rutrum.xml', 'https://oakley.com/convallis/nunc/proin/at/turpis/a/pede.js', 26);
insert into rest_api_project (id, title, subtitle, description, git_link, test_link, person_id) values (14, 'Kanlam', 'Reactive', 'Nunc nisl. Duis bibendum, felis sed interdum venenatis, turpis enim blandit mi, in porttitor pede justo eu massa. Donec dapibus.', 'http://google.cn/curabitur.xml', 'http://macromedia.com/proin/at.jsp', 18);
insert into rest_api_project (id, title, subtitle, description, git_link, test_link, person_id) values (15, 'Biodex', 'Organized', 'Etiam pretium iaculis justo. In hac habitasse platea dictumst. Etiam faucibus cursus urna.', 'http://youtube.com/semper/interdum/mauris/ullamcorper/purus/sit/amet.jpg', 'http://intel.com/non/mi/integer/ac/neque.jpg', 22);
insert into rest_api_project (id, title, subtitle, description, git_link, test_link, person_id) values (16, 'Pannier', 'Persevering', 'Vivamus in felis eu sapien cursus vestibulum. Proin eu mi. Nulla ac enim.', 'https://businessinsider.com/sit.json', 'https://rediff.com/vestibulum.png', 45);
insert into rest_api_project (id, title, subtitle, description, git_link, test_link, person_id) values (17, 'Latlux', 'Re-engineered', 'Nullam orci pede, venenatis non, sodales sed, tincidunt eu, felis. Fusce posuere felis sed lacus.', 'https://bbb.org/viverra/pede/ac/diam/cras.png', 'https://ca.gov/leo/maecenas/pulvinar/lobortis.jpg', 13);
insert into rest_api_project (id, title, subtitle, description, git_link, test_link, person_id) values (18, 'Tin', 'Optional', 'Aliquam augue quam, sollicitudin vitae, consectetuer eget, rutrum at, lorem.', 'http://adobe.com/cubilia/curae/mauris/viverra/diam.aspx', 'http://storify.com/ipsum/primis/in/faucibus/orci/luctus.aspx', 5);
insert into rest_api_project (id, title, subtitle, description, git_link, test_link, person_id) values (19, 'Asoka', 'internet solution', 'Lorem ipsum dolor sit amet, consectetuer adipiscing elit.', 'https://goodreads.com/vestibulum/eget/vulputate/ut/ultrices/vel.js', 'https://cloudflare.com/non/velit/donec.js', 14);
insert into rest_api_project (id, title, subtitle, description, git_link, test_link, person_id) values (20, 'Sonsing', 'Assimilated', 'Curabitur convallis. Duis consequat dui nec nisi volutpat eleifend.', 'https://ed.gov/vestibulum/ante/ipsum.png', 'https://harvard.edu/pretium/nisl/ut/volutpat/sapien.xml', 24);
insert into rest_api_project (id, title, subtitle, description, git_link, test_link, person_id) values (21, 'Cookley', 'fault-tolerant', 'In sagittis dui vel nisl.', 'http://hubpages.com/odio/condimentum/id/luctus/nec/molestie.jpg', 'https://dell.com/dolor/morbi/vel/lectus/in.js', 36);
insert into rest_api_project (id, title, subtitle, description, git_link, test_link, person_id) values (22, 'Overhold', 'Reverse-engineered', 'Maecenas leo odio, condimentum id, luctus nec, molestie sed, justo.', 'http://weibo.com/eleifend.html', 'https://twitpic.com/posuere/cubilia/curae/donec/pharetra.json', 6);
insert into rest_api_project (id, title, subtitle, description, git_link, test_link, person_id) values (23, 'Daltfresh', 'capability', 'Nullam varius. Nulla facilisi. Cras non velit nec nisi vulputate nonummy.', 'http://twitter.com/eu/felis/fusce.js', 'https://yahoo.co.jp/sem.js', 23);
insert into rest_api_project (id, title, subtitle, description, git_link, test_link, person_id) values (24, 'Otcom', 'throughput', 'Vestibulum ac est lacinia nisi venenatis tristique. Fusce congue, diam id ornare imperdiet, sapien urna pretium nisl, ut volutpat sapien arcu sed augue.', 'http://cocolog-nifty.com/pede/ullamcorper/augue/a.html', 'http://goo.ne.jp/tristique.json', 24);
insert into rest_api_project (id, title, subtitle, description, git_link, test_link, person_id) values (25, 'Stronghold', 'asymmetric', 'In hac habitasse platea dictumst.', 'http://blogspot.com/id/massa/id/nisl/venenatis/lacinia/aenean.xml', 'https://studiopress.com/mus/vivamus/vestibulum.json', 19);
insert into rest_api_project (id, title, subtitle, description, git_link, test_link, person_id) values (26, 'Stim', 'responsive', 'Nullam varius. Nulla facilisi. Cras non velit nec nisi vulputate nonummy.', 'http://twitpic.com/dui/vel/sem/sed/sagittis.jsp', 'http://flickr.com/cubilia/curae.aspx', 32);
insert into rest_api_project (id, title, subtitle, description, git_link, test_link, person_id) values (27, 'Pannier', 'scalable', 'Aenean sit amet justo. Morbi ut odio.', 'https://eepurl.com/vestibulum/vestibulum/ante/ipsum/primis.js', 'http://delicious.com/congue/diam/id/ornare.js', 19);
insert into rest_api_project (id, title, subtitle, description, git_link, test_link, person_id) values (28, 'Home Ing', 'human-resource', 'Integer pede justo, lacinia eget, tincidunt eget, tempus vel, pede.', 'http://comcast.net/dolor/quis/odio/consequat/varius.json', 'https://plala.or.jp/quis/justo/maecenas/rhoncus.json', 1);
insert into rest_api_project (id, title, subtitle, description, git_link, test_link, person_id) values (29, 'Wrapsafe', 'local', 'Integer a nibh. In quis justo. Maecenas rhoncus aliquam lacus.', 'http://printfriendly.com/semper/interdum/mauris/ullamcorper/purus/sit.json', 'https://vinaora.com/ac/tellus/semper/interdum/mauris/ullamcorper.png', 38);
insert into rest_api_project (id, title, subtitle, description, git_link, test_link, person_id) values (30, 'Zontrax', 'access', 'Maecenas rhoncus aliquam lacus.', 'https://typepad.com/sed/tristique/in/tempus.aspx', 'http://forbes.com/in/quam/fringilla/rhoncus/mauris/enim/leo.png', 25);
insert into rest_api_project (id, title, subtitle, description, git_link, test_link, person_id) values (31, 'Lotlux', 'collaboration', 'Vivamus metus arcu, adipiscing molestie, hendrerit at, vulputate vitae, nisl. Aenean lectus. Pellentesque eget nunc.', 'http://cisco.com/diam/erat/fermentum/justo/nec.json', 'https://ed.gov/nunc/proin/at.html', 2);
insert into rest_api_project (id, title, subtitle, description, git_link, test_link, person_id) values (32, 'Mat Lam Tam', 'success', 'Praesent id massa id nisl venenatis lacinia.', 'https://senate.gov/mauris/morbi/non/lectus.png', 'http://wiley.com/id/mauris/vulputate/elementum.js', 27);
insert into rest_api_project (id, title, subtitle, description, git_link, test_link, person_id) values (33, 'Temp', 'demand-driven', 'Nulla justo. Aliquam quis turpis eget elit sodales scelerisque. Mauris sit amet eros.', 'https://so-net.ne.jp/cras.jpg', 'https://dion.ne.jp/suspendisse/accumsan/tortor/quis.html', 15);
insert into rest_api_project (id, title, subtitle, description, git_link, test_link, person_id) values (34, 'Lotstring', 'Open-architected', 'Mauris enim leo, rhoncus sed, vestibulum sit amet, cursus id, turpis. Integer aliquet, massa id lobortis convallis, tortor risus dapibus augue, vel accumsan tellus nisi eu orci.', 'https://tinyurl.com/lorem.html', 'http://psu.edu/interdum/venenatis/turpis/enim/blandit/mi.json', 33);
insert into rest_api_project (id, title, subtitle, description, git_link, test_link, person_id) values (35, 'Namfix', 'Pre-emptive', 'Integer aliquet, massa id lobortis convallis, tortor risus dapibus augue, vel accumsan tellus nisi eu orci. Mauris lacinia sapien quis libero. Nullam sit amet turpis elementum ligula vehicula consequat.', 'http://hhs.gov/rutrum/neque/aenean/auctor/gravida/sem.jpg', 'https://seesaa.net/est/donec.jpg', 32);
insert into rest_api_project (id, title, subtitle, description, git_link, test_link, person_id) values (36, 'Otcom', 'Centralized', 'Curabitur convallis.', 'http://latimes.com/luctus/et/ultrices/posuere/cubilia/curae/nulla.aspx', 'http://google.ru/lorem/ipsum/dolor/sit/amet.html', 28);
insert into rest_api_project (id, title, subtitle, description, git_link, test_link, person_id) values (37, 'Konklab', 'dedicated', 'In tempor, turpis nec euismod scelerisque, quam turpis adipiscing lorem, vitae mattis nibh ligula nec sem. Duis aliquam convallis nunc. Proin at turpis a pede posuere nonummy.', 'https://taobao.com/in/quam/fringilla.jsp', 'https://paypal.com/mauris/vulputate.jsp', 3);
insert into rest_api_project (id, title, subtitle, description, git_link, test_link, person_id) values (38, 'Greenlam', 'asymmetric', 'Donec quis orci eget orci vehicula condimentum. Curabitur in libero ut massa volutpat convallis.', 'https://ox.ac.uk/diam/in/magna.aspx', 'https://umn.edu/ultrices/phasellus.jpg', 49);
insert into rest_api_project (id, title, subtitle, description, git_link, test_link, person_id) values (39, 'Flowdesk', 'Right-sized', 'Quisque arcu libero, rutrum ac, lobortis vel, dapibus at, diam.', 'http://sphinn.com/aenean/auctor/gravida.json', 'http://dmoz.org/ut/erat/id.js', 7);
insert into rest_api_project (id, title, subtitle, description, git_link, test_link, person_id) values (40, 'Tresom', 'secured line', 'Vestibulum sed magna at nunc commodo placerat.', 'http://cbc.ca/sed/lacus/morbi/sem/mauris/laoreet.png', 'https://clickbank.net/in/imperdiet/et.js', 29);
insert into rest_api_project (id, title, subtitle, description, git_link, test_link, person_id) values (41, 'Viva', 'Team-oriented', 'Duis bibendum, felis sed interdum venenatis, turpis enim blandit mi, in porttitor pede justo eu massa.', 'http://vistaprint.com/proin/eu.png', 'https://auda.org.au/eu/est.png', 19);
insert into rest_api_project (id, title, subtitle, description, git_link, test_link, person_id) values (42, 'Konklab', 'Monitored', 'Curabitur in libero ut massa volutpat convallis. Morbi odio odio, elementum eu, interdum eu, tincidunt in, leo. Maecenas pulvinar lobortis est.', 'http://vimeo.com/nam/ultrices.html', 'https://stumbleupon.com/congue/risus.jsp', 36);
insert into rest_api_project (id, title, subtitle, description, git_link, test_link, person_id) values (43, 'Zaam-Dox', 'Cross-platform', 'Nunc rhoncus dui vel sem. Sed sagittis. Nam congue, risus semper porta volutpat, quam pede lobortis ligula, sit amet eleifend pede libero quis orci.', 'http://ftc.gov/neque/vestibulum/eget/vulputate/ut/ultrices.png', 'https://gmpg.org/magna/vulputate/luctus/cum/sociis/natoque.js', 3);
insert into rest_api_project (id, title, subtitle, description, git_link, test_link, person_id) values (44, 'Ronstring', 'Up-sized', 'Fusce congue, diam id ornare imperdiet, sapien urna pretium nisl, ut volutpat sapien arcu sed augue.', 'http://gov.uk/aliquam/augue/quam/sollicitudin/vitae/consectetuer/eget.jpg', 'https://jimdo.com/in/felis/donec.jpg', 27);
insert into rest_api_project (id, title, subtitle, description, git_link, test_link, person_id) values (45, 'Bamity', 'needs-based', 'In hac habitasse platea dictumst.', 'http://google.co.uk/accumsan/tellus.html', 'https://npr.org/suspendisse/accumsan/tortor/quis/turpis.html', 39);
insert into rest_api_project (id, title, subtitle, description, git_link, test_link, person_id) values (46, 'Tin', 'framework', 'Proin risus.', 'http://go.com/quisque.jpg', 'http://pinterest.com/ut/erat.js', 28);
insert into rest_api_project (id, title, subtitle, description, git_link, test_link, person_id) values (47, 'Voltsillam', 'leverage', 'Morbi vel lectus in quam fringilla rhoncus. Mauris enim leo, rhoncus sed, vestibulum sit amet, cursus id, turpis.', 'https://mediafire.com/cras/in/purus/eu/magna/vulputate/luctus.js', 'http://nsw.gov.au/in/hac/habitasse/platea/dictumst/morbi.xml', 23);
insert into rest_api_project (id, title, subtitle, description, git_link, test_link, person_id) values (48, 'Konklux', 'stable', 'Phasellus id sapien in sapien iaculis congue. Vivamus metus arcu, adipiscing molestie, hendrerit at, vulputate vitae, nisl.', 'https://wsj.com/amet/lobortis/sapien/sapien/non/mi.jpg', 'https://rakuten.co.jp/non/velit/nec.jpg', 16);
insert into rest_api_project (id, title, subtitle, description, git_link, test_link, person_id) values (49, 'Y-Solowarm', 'Quality-focused', 'Nunc nisl. Duis bibendum, felis sed interdum venenatis, turpis enim blandit mi, in porttitor pede justo eu massa.', 'http://a8.net/mi/pede.xml', 'https://usgs.gov/non/mauris/morbi/non/lectus/aliquam/sit.jpg', 27);
insert into rest_api_project (id, title, subtitle, description, git_link, test_link, person_id) values (50, 'Biodex', '6th generation', 'Integer tincidunt ante vel ipsum.', 'http://bigcartel.com/risus/dapibus/augue/vel/accumsan/tellus.aspx', 'http://webnode.com/libero/nullam/sit/amet/turpis/elementum.html', 25);


/* Education list */
insert into rest_api_education (id, qualification, institute, score, person_id) values (1, 'Graphic Designer', 'Holy Apostles College', 99.48, 17);
insert into rest_api_education (id, qualification, institute, score, person_id) values (2, 'Senior Financial Analyst', 'St. Edwards University', 69.91, 29);
insert into rest_api_education (id, qualification, institute, score, person_id) values (3, 'Product Engineer', 'Centre Universitaire de Tebessa', 81.52, 38);
insert into rest_api_education (id, qualification, institute, score, person_id) values (4, 'Social Worker', 'Hsuan Chuang University', 78.19, 7);
insert into rest_api_education (id, qualification, institute, score, person_id) values (5, 'Software Engineer III', 'Concordia College, Seward', 94.25, 48);
insert into rest_api_education (id, qualification, institute, score, person_id) values (6, 'Software Test Engineer I', 'Kalinga University', 85.3, 6);
insert into rest_api_education (id, qualification, institute, score, person_id) values (7, 'Software Engineer III', 'Florida Christian College', 69.04, 28);
insert into rest_api_education (id, qualification, institute, score, person_id) values (8, 'Teacher', 'West Virginia University Institute of Technology', 61.29, 10);
insert into rest_api_education (id, qualification, institute, score, person_id) values (9, 'Teacher', 'Shanghai Jiaotong University', 65.98, 36);
insert into rest_api_education (id, qualification, institute, score, person_id) values (10, 'Mechanical Systems Engineer', 'Tuva State University', 79.21, 16);
insert into rest_api_education (id, qualification, institute, score, person_id) values (11, 'Engineer II', 'University of Huddersfield', 85.16, 34);
insert into rest_api_education (id, qualification, institute, score, person_id) values (12, 'Account Executive', 'University of Manitoba', 81.37, 30);
insert into rest_api_education (id, qualification, institute, score, person_id) values (13, 'Budget/Accounting Analyst IV', 'Lyceum of the Philippines University', 81.52, 46);
insert into rest_api_education (id, qualification, institute, score, person_id) values (14, 'Web Designer IV', 'Universidad Bellas Artes', 81.16, 48);
insert into rest_api_education (id, qualification, institute, score, person_id) values (15, 'Desktop Support Technician', 'Divine Word College of Legazpi', 81.89, 1);
insert into rest_api_education (id, qualification, institute, score, person_id) values (16, 'Programmer Analyst I', 'Fachhochschule Ingolstadt', 99.71, 37);
insert into rest_api_education (id, qualification, institute, score, person_id) values (17, 'VP Sales', 'Misr International University', 93.65, 47);
insert into rest_api_education (id, qualification, institute, score, person_id) values (18, 'Research Associate', 'Université de Bretagne Occidentale', 97.96, 23);
insert into rest_api_education (id, qualification, institute, score, person_id) values (19, 'Data Coordiator', 'Universidad CES', 86.02, 26);
insert into rest_api_education (id, qualification, institute, score, person_id) values (20, 'Associate Professor', 'Sultan Ismail Petra International Islamic College', 82.62, 22);
insert into rest_api_education (id, qualification, institute, score, person_id) values (21, 'Assistant Manager', 'The Robert Gordon University', 80.9, 46);
insert into rest_api_education (id, qualification, institute, score, person_id) values (22, 'Sales Representative', 'Hebei University of Science and Technology', 64.01, 39);
insert into rest_api_education (id, qualification, institute, score, person_id) values (23, 'Junior Executive', 'Taraba State University', 64.56, 10);
insert into rest_api_education (id, qualification, institute, score, person_id) values (24, 'Automation Specialist III', 'University of the South Pacific School of Agriculture', 86.56, 48);
insert into rest_api_education (id, qualification, institute, score, person_id) values (25, 'Web Developer IV', 'Erciyes University', 86.66, 7);
insert into rest_api_education (id, qualification, institute, score, person_id) values (26, 'Statistician I', 'Sulaimani Polytechnic University', 60.38, 24);
insert into rest_api_education (id, qualification, institute, score, person_id) values (27, 'Financial Analyst', 'Belarusian-Russian University', 77.76, 35);
insert into rest_api_education (id, qualification, institute, score, person_id) values (28, 'Nuclear Power Engineer', 'Dongseo University', 88.12, 32);
insert into rest_api_education (id, qualification, institute, score, person_id) values (29, 'Recruiting Manager', 'Liaoning Technical University', 65.05, 6);
insert into rest_api_education (id, qualification, institute, score, person_id) values (30, 'Nuclear Power Engineer', 'Otani University', 96.78, 9);
insert into rest_api_education (id, qualification, institute, score, person_id) values (31, 'Senior Sales Associate', 'Union College Kentucky', 87.8, 49);
insert into rest_api_education (id, qualification, institute, score, person_id) values (32, 'Assistant Media Planner', 'Philadelphia College of Bible', 89.4, 32);
insert into rest_api_education (id, qualification, institute, score, person_id) values (33, 'Systems Administrator II', 'Bugema University', 96.36, 24);
insert into rest_api_education (id, qualification, institute, score, person_id) values (34, 'Desktop Support Technician', 'Bishop''s University', 80.78, 22);
insert into rest_api_education (id, qualification, institute, score, person_id) values (35, 'Structural Analysis Engineer', 'Sumy State University', 64.77, 34);
insert into rest_api_education (id, qualification, institute, score, person_id) values (36, 'Geologist I', 'Shanghai University', 71.71, 2);
insert into rest_api_education (id, qualification, institute, score, person_id) values (37, 'Database Administrator IV', 'Miryang National University', 71.12, 21);
insert into rest_api_education (id, qualification, institute, score, person_id) values (38, 'Human Resources Manager', 'Paine College', 63.03, 27);
insert into rest_api_education (id, qualification, institute, score, person_id) values (39, 'General Manager', 'Golden Gate University', 70.87, 19);
insert into rest_api_education (id, qualification, institute, score, person_id) values (40, 'Account Executive', 'Université Paris-Dauphine (Paris IX)', 90.69, 24);
insert into rest_api_education (id, qualification, institute, score, person_id) values (41, 'Community Outreach Specialist', 'Universidad de El Salvador', 64.48, 41);
insert into rest_api_education (id, qualification, institute, score, person_id) values (42, 'Account Coordinator', 'Lakshmibai National Institute of Physical Education', 74.96, 27);
insert into rest_api_education (id, qualification, institute, score, person_id) values (43, 'Research Nurse', 'Zhengda Software College', 61.97, 10);
insert into rest_api_education (id, qualification, institute, score, person_id) values (44, 'Web Developer IV', 'Kiev National University of Construction and Architecture', 93.87, 15);
insert into rest_api_education (id, qualification, institute, score, person_id) values (45, 'Operator', 'Schiller International University, Madrid', 82.84, 48);
insert into rest_api_education (id, qualification, institute, score, person_id) values (46, 'Account Coordinator', 'Mercer University, Cecil B. Day Campus', 78.94, 5);
insert into rest_api_education (id, qualification, institute, score, person_id) values (47, 'Health Coach II', 'Universitas Kristen Indonesia Tomohon', 79.2, 8);
insert into rest_api_education (id, qualification, institute, score, person_id) values (48, 'Analog Circuit Design manager', 'Jiaying University', 98.22, 47);
insert into rest_api_education (id, qualification, institute, score, person_id) values (49, 'Financial Analyst', 'Nile Valley University', 80.46, 43);
insert into rest_api_education (id, qualification, institute, score, person_id) values (50, 'Recruiter', 'Pomor State University', 81.1, 38);


/* Experience list */
insert into rest_api_experience (id, title, subtitle, start, "end", responsibilities, person_id) values (1, 'Dablist', 'General Manager', '2012-12-26', '2019-08-30', 'Duis bibendum. Morbi non quam nec dui luctus rutrum. Nulla tellus.', 20);
insert into rest_api_experience (id, title, subtitle, start, "end", responsibilities, person_id) values (2, 'Avamba', 'Assistant Manager', '2012-07-07', '2021-04-11', 'Nulla mollis molestie lorem. Quisque ut erat. Curabitur gravida nisi at nibh.', 22);
insert into rest_api_experience (id, title, subtitle, start, "end", responsibilities, person_id) values (3, 'Yata', 'GIS Technical Architect', '2012-03-14', '2016-12-29', 'Nulla tellus. In sagittis dui vel nisl. Duis ac nibh.', 49);
insert into rest_api_experience (id, title, subtitle, start, "end", responsibilities, person_id) values (4, 'Tagfeed', 'Payment Adjustment Coordinator', '2011-08-20', '2020-12-25', 'Ut tellus. Nulla ut erat id mauris vulputate elementum. Nullam varius.', 22);
insert into rest_api_experience (id, title, subtitle, start, "end", responsibilities, person_id) values (5, 'Plajo', 'Quality Control Specialist', '2011-09-12', '2020-07-04', 'Vestibulum rutrum rutrum neque. Aenean auctor gravida sem. Praesent id massa id nisl venenatis lacinia.', 28);
insert into rest_api_experience (id, title, subtitle, start, "end", responsibilities, person_id) values (6, 'Feednation', 'Senior Sales Associate', '2013-08-04', '2022-04-25', 'Morbi odio odio, elementum eu, interdum eu, tincidunt in, leo. Maecenas pulvinar lobortis est.', 33);
insert into rest_api_experience (id, title, subtitle, start, "end", responsibilities, person_id) values (7, 'Feedmix', 'Financial Advisor', '2011-05-06', '2020-04-14', 'Ut tellus. Nulla ut erat id mauris vulputate elementum. Nullam varius.', 9);
insert into rest_api_experience (id, title, subtitle, start, "end", responsibilities, person_id) values (8, 'Dynazzy', 'VP Accounting', '2011-01-15', '2017-03-24', 'Morbi vestibulum, velit id pretium iaculis, diam erat fermentum justo, nec condimentum neque sapien placerat ante. Nulla justo. Aliquam quis turpis eget elit sodales scelerisque.', 44);
insert into rest_api_experience (id, title, subtitle, start, "end", responsibilities, person_id) values (9, 'Browsezoom', 'Environmental Specialist', '2011-05-09', '2020-03-07', 'Maecenas tincidunt lacus at velit. Vivamus vel nulla eget eros elementum pellentesque.', 48);
insert into rest_api_experience (id, title, subtitle, start, "end", responsibilities, person_id) values (10, 'Voomm', 'GIS Technical Architect', '2012-02-16', '2019-10-08', 'Praesent blandit. Nam nulla. Integer pede justo, lacinia eget, tincidunt eget, tempus vel, pede.', 5);
insert into rest_api_experience (id, title, subtitle, start, "end", responsibilities, person_id) values (11, 'Jabberstorm', 'Help Desk Operator', '2014-04-27', '2022-07-14', 'Integer a nibh. In quis justo.', 4);
insert into rest_api_experience (id, title, subtitle, start, "end", responsibilities, person_id) values (12, 'Jabbertype', 'Accountant IV', '2012-05-15', '2018-03-10', 'Proin leo odio, porttitor id, consequat in, consequat ut, nulla. Sed accumsan felis. Ut at dolor quis odio consequat varius.', 11);
insert into rest_api_experience (id, title, subtitle, start, "end", responsibilities, person_id) values (13, 'Skiptube', 'Mechanical Systems Engineer', '2014-01-16', '2020-05-01', 'Donec dapibus. Duis at velit eu est congue elementum.', 5);
insert into rest_api_experience (id, title, subtitle, start, "end", responsibilities, person_id) values (14, 'Yakijo', 'Nurse Practicioner', '2015-03-29', '2016-10-12', 'Sed vel enim sit amet nunc viverra dapibus. Nulla suscipit ligula in lacus. Curabitur at ipsum ac tellus semper interdum.', 17);
insert into rest_api_experience (id, title, subtitle, start, "end", responsibilities, person_id) values (15, 'Quatz', 'Research Nurse', '2012-02-28', '2018-01-31', 'Vivamus vel nulla eget eros elementum pellentesque. Quisque porta volutpat erat.', 16);
insert into rest_api_experience (id, title, subtitle, start, "end", responsibilities, person_id) values (16, 'Kayveo', 'Software Test Engineer IV', '2013-01-15', '2020-10-24', 'Morbi non quam nec dui luctus rutrum. Nulla tellus.', 44);
insert into rest_api_experience (id, title, subtitle, start, "end", responsibilities, person_id) values (17, 'Babblestorm', 'Chemical Engineer', '2013-09-09', '2020-09-10', 'Integer pede justo, lacinia eget, tincidunt eget, tempus vel, pede. Morbi porttitor lorem id ligula.', 27);
insert into rest_api_experience (id, title, subtitle, start, "end", responsibilities, person_id) values (18, 'Twimbo', 'Editor', '2010-11-29', '2017-12-10', 'Etiam pretium iaculis justo. In hac habitasse platea dictumst. Etiam faucibus cursus urna.', 40);
insert into rest_api_experience (id, title, subtitle, start, "end", responsibilities, person_id) values (19, 'Voomm', 'Desktop Support Technician', '2014-12-24', '2021-04-12', 'In hac habitasse platea dictumst. Etiam faucibus cursus urna. Ut tellus.', 46);
insert into rest_api_experience (id, title, subtitle, start, "end", responsibilities, person_id) values (20, 'Thoughtworks', 'Nurse', '2011-10-24', '2021-02-13', 'Nulla facilisi. Cras non velit nec nisi vulputate nonummy.', 42);
insert into rest_api_experience (id, title, subtitle, start, "end", responsibilities, person_id) values (21, 'Midel', 'Design Engineer', '2011-09-03', '2021-06-05', 'Praesent id massa id nisl venenatis lacinia. Aenean sit amet justo. Morbi ut odio.', 2);
insert into rest_api_experience (id, title, subtitle, start, "end", responsibilities, person_id) values (22, 'Vidoo', 'Design Engineer', '2012-06-15', '2017-12-25', 'Quisque ut erat. Curabitur gravida nisi at nibh. In hac habitasse platea dictumst.', 7);
insert into rest_api_experience (id, title, subtitle, start, "end", responsibilities, person_id) values (23, 'Kwideo', 'VP Quality Control', '2012-04-10', '2018-09-22', 'Cras pellentesque volutpat dui. Maecenas tristique, est et tempus semper, est quam pharetra magna, ac consequat metus sapien ut nunc. Vestibulum ante ipsum primis in faucibus orci luctus et ultrices posuere cubilia Curae; Mauris viverra diam vitae quam.', 29);
insert into rest_api_experience (id, title, subtitle, start, "end", responsibilities, person_id) values (24, 'Miboo', 'Assistant Manager', '2014-08-29', '2018-05-26', 'Phasellus id sapien in sapien iaculis congue. Vivamus metus arcu, adipiscing molestie, hendrerit at, vulputate vitae, nisl.', 7);
insert into rest_api_experience (id, title, subtitle, start, "end", responsibilities, person_id) values (25, 'Flashpoint', 'Social Worker', '2014-07-16', '2020-01-19', 'In hac habitasse platea dictumst. Maecenas ut massa quis augue luctus tincidunt. Nulla mollis molestie lorem.', 7);
insert into rest_api_experience (id, title, subtitle, start, "end", responsibilities, person_id) values (26, 'Riffpedia', 'Human Resources Manager', '2013-12-26', '2018-11-17', 'Donec ut dolor. Morbi vel lectus in quam fringilla rhoncus. Mauris enim leo, rhoncus sed, vestibulum sit amet, cursus id, turpis.', 33);
insert into rest_api_experience (id, title, subtitle, start, "end", responsibilities, person_id) values (27, 'Gabvine', 'Electrical Engineer', '2014-03-18', '2018-10-24', 'Donec diam neque, vestibulum eget, vulputate ut, ultrices vel, augue. Vestibulum ante ipsum primis in faucibus orci luctus et ultrices posuere cubilia Curae; Donec pharetra, magna vestibulum aliquet ultrices, erat tortor sollicitudin mi, sit amet lobortis sapien sapien non mi.', 8);
insert into rest_api_experience (id, title, subtitle, start, "end", responsibilities, person_id) values (28, 'Eabox', 'Programmer Analyst II', '2011-04-28', '2018-12-13', 'Nulla facilisi. Cras non velit nec nisi vulputate nonummy.', 12);
insert into rest_api_experience (id, title, subtitle, start, "end", responsibilities, person_id) values (29, 'Jabberbean', 'Research Assistant I', '2013-04-19', '2021-02-25', 'Cum sociis natoque penatibus et magnis dis parturient montes, nascetur ridiculus mus. Vivamus vestibulum sagittis sapien. Cum sociis natoque penatibus et magnis dis parturient montes, nascetur ridiculus mus.', 19);
insert into rest_api_experience (id, title, subtitle, start, "end", responsibilities, person_id) values (30, 'Jaxbean', 'Programmer I', '2011-12-21', '2018-02-17', 'Praesent lectus. Vestibulum quam sapien, varius ut, blandit non, interdum in, ante. Vestibulum ante ipsum primis in faucibus orci luctus et ultrices posuere cubilia Curae; Duis faucibus accumsan odio.', 35);
insert into rest_api_experience (id, title, subtitle, start, "end", responsibilities, person_id) values (31, 'Realbridge', 'Human Resources Manager', '2014-04-08', '2018-06-26', 'Maecenas tristique, est et tempus semper, est quam pharetra magna, ac consequat metus sapien ut nunc. Vestibulum ante ipsum primis in faucibus orci luctus et ultrices posuere cubilia Curae; Mauris viverra diam vitae quam.', 17);
insert into rest_api_experience (id, title, subtitle, start, "end", responsibilities, person_id) values (32, 'Gabvine', 'Senior Editor', '2011-10-20', '2017-04-03', 'Nulla neque libero, convallis eget, eleifend luctus, ultricies eu, nibh. Quisque id justo sit amet sapien dignissim vestibulum.', 42);
insert into rest_api_experience (id, title, subtitle, start, "end", responsibilities, person_id) values (33, 'Voomm', 'Developer I', '2014-06-05', '2019-08-09', 'Aenean auctor gravida sem. Praesent id massa id nisl venenatis lacinia. Aenean sit amet justo.', 18);
insert into rest_api_experience (id, title, subtitle, start, "end", responsibilities, person_id) values (34, 'Eamia', 'Geological Engineer', '2013-05-05', '2020-06-05', 'Aenean fermentum. Donec ut mauris eget massa tempor convallis.', 42);
insert into rest_api_experience (id, title, subtitle, start, "end", responsibilities, person_id) values (35, 'Yakijo', 'Senior Editor', '2012-08-28', '2021-01-04', 'Morbi a ipsum. Integer a nibh.', 4);
insert into rest_api_experience (id, title, subtitle, start, "end", responsibilities, person_id) values (36, 'Mynte', 'Accounting Assistant II', '2011-02-27', '2019-12-17', 'Quisque erat eros, viverra eget, congue eget, semper rutrum, nulla. Nunc purus. Phasellus in felis.', 22);
insert into rest_api_experience (id, title, subtitle, start, "end", responsibilities, person_id) values (37, 'Skaboo', 'Nurse Practicioner', '2012-09-23', '2018-03-24', 'Suspendisse accumsan tortor quis turpis. Sed ante.', 25);
insert into rest_api_experience (id, title, subtitle, start, "end", responsibilities, person_id) values (38, 'Devcast', 'Software Engineer IV', '2010-12-02', '2021-05-16', 'In congue. Etiam justo. Etiam pretium iaculis justo.', 46);
insert into rest_api_experience (id, title, subtitle, start, "end", responsibilities, person_id) values (39, 'Realcube', 'Paralegal', '2012-04-24', '2022-04-11', 'Aenean sit amet justo. Morbi ut odio.', 18);
insert into rest_api_experience (id, title, subtitle, start, "end", responsibilities, person_id) values (40, 'Flashdog', 'Environmental Tech', '2013-01-13', '2021-11-14', 'Fusce lacus purus, aliquet at, feugiat non, pretium quis, lectus. Suspendisse potenti.', 22);
insert into rest_api_experience (id, title, subtitle, start, "end", responsibilities, person_id) values (41, 'Vipe', 'Product Engineer', '2015-01-12', '2017-02-28', 'Quisque ut erat. Curabitur gravida nisi at nibh.', 16);
insert into rest_api_experience (id, title, subtitle, start, "end", responsibilities, person_id) values (42, 'Camido', 'GIS Technical Architect', '2015-09-02', '2019-08-25', 'In quis justo. Maecenas rhoncus aliquam lacus. Morbi quis tortor id nulla ultrices aliquet.', 21);
insert into rest_api_experience (id, title, subtitle, start, "end", responsibilities, person_id) values (43, 'Oyoyo', 'Electrical Engineer', '2011-03-10', '2022-06-21', 'Mauris lacinia sapien quis libero. Nullam sit amet turpis elementum ligula vehicula consequat.', 24);
insert into rest_api_experience (id, title, subtitle, start, "end", responsibilities, person_id) values (44, 'Yadel', 'Engineer IV', '2012-04-30', '2017-03-17', 'Duis bibendum, felis sed interdum venenatis, turpis enim blandit mi, in porttitor pede justo eu massa. Donec dapibus. Duis at velit eu est congue elementum.', 26);
insert into rest_api_experience (id, title, subtitle, start, "end", responsibilities, person_id) values (45, 'Yoveo', 'Librarian', '2013-01-18', '2021-02-21', 'In hac habitasse platea dictumst. Etiam faucibus cursus urna.', 45);
insert into rest_api_experience (id, title, subtitle, start, "end", responsibilities, person_id) values (46, 'Kazio', 'Food Chemist', '2013-01-11', '2021-03-26', 'Morbi sem mauris, laoreet ut, rhoncus aliquet, pulvinar sed, nisl. Nunc rhoncus dui vel sem. Sed sagittis.', 27);
insert into rest_api_experience (id, title, subtitle, start, "end", responsibilities, person_id) values (47, 'Ailane', 'Staff Accountant II', '2012-02-11', '2017-08-04', 'Duis at velit eu est congue elementum. In hac habitasse platea dictumst.', 41);
insert into rest_api_experience (id, title, subtitle, start, "end", responsibilities, person_id) values (48, 'Fivechat', 'Environmental Specialist', '2011-12-27', '2022-05-20', 'Duis ac nibh. Fusce lacus purus, aliquet at, feugiat non, pretium quis, lectus. Suspendisse potenti.', 12);
insert into rest_api_experience (id, title, subtitle, start, "end", responsibilities, person_id) values (49, 'Youbridge', 'Civil Engineer', '2012-11-25', '2018-05-07', 'In congue. Etiam justo.', 26);
insert into rest_api_experience (id, title, subtitle, start, "end", responsibilities, person_id) values (50, 'Twitterbeat', 'Automation Specialist III', '2012-08-24', '2022-03-22', 'Praesent lectus. Vestibulum quam sapien, varius ut, blandit non, interdum in, ante. Vestibulum ante ipsum primis in faucibus orci luctus et ultrices posuere cubilia Curae; Duis faucibus accumsan odio.', 30);

/* Training list */
insert into rest_api_training (id, title, subtitle, description, person_id) values (1, 'Tambee', 'FCRA', 'Aliquam erat volutpat. In congue.', 14);
insert into rest_api_training (id, title, subtitle, description, person_id) values (2, 'Ailane', 'Intercultural Awareness', 'Donec diam neque, vestibulum eget, vulputate ut, ultrices vel, augue. Vestibulum ante ipsum primis in faucibus orci luctus et ultrices posuere cubilia Curae; Donec pharetra, magna vestibulum aliquet ultrices, erat tortor sollicitudin mi, sit amet lobortis sapien sapien non mi.', 14);
insert into rest_api_training (id, title, subtitle, description, person_id) values (3, 'Riffpath', 'Big Box', 'Sed accumsan felis. Ut at dolor quis odio consequat varius. Integer ac leo.', 37);
insert into rest_api_training (id, title, subtitle, description, person_id) values (4, 'Feednation', 'NFPA', 'Proin eu mi. Nulla ac enim.', 7);
insert into rest_api_training (id, title, subtitle, description, person_id) values (5, 'Pixope', 'Canon DSLR', 'In hac habitasse platea dictumst. Maecenas ut massa quis augue luctus tincidunt.', 41);
insert into rest_api_training (id, title, subtitle, description, person_id) values (6, 'Cogibox', 'Social Media Marketing', 'Aliquam erat volutpat. In congue.', 23);
insert into rest_api_training (id, title, subtitle, description, person_id) values (7, 'Topiczoom', 'Ion Exchange', 'In eleifend quam a odio. In hac habitasse platea dictumst. Maecenas ut massa quis augue luctus tincidunt.', 20);
insert into rest_api_training (id, title, subtitle, description, person_id) values (8, 'Quire', 'MyChart', 'Vivamus in felis eu sapien cursus vestibulum. Proin eu mi. Nulla ac enim.', 13);
insert into rest_api_training (id, title, subtitle, description, person_id) values (9, 'Eare', 'FX Animation', 'Lorem ipsum dolor sit amet, consectetuer adipiscing elit. Proin risus. Praesent lectus.', 39);
insert into rest_api_training (id, title, subtitle, description, person_id) values (10, 'Rooxo', 'EBIT', 'Nunc nisl. Duis bibendum, felis sed interdum venenatis, turpis enim blandit mi, in porttitor pede justo eu massa. Donec dapibus.', 38);
insert into rest_api_training (id, title, subtitle, description, person_id) values (11, 'Youspan', 'Construction', 'Integer non velit. Donec diam neque, vestibulum eget, vulputate ut, ultrices vel, augue.', 27);
insert into rest_api_training (id, title, subtitle, description, person_id) values (12, 'Voonix', 'FS-CD', 'Phasellus id sapien in sapien iaculis congue. Vivamus metus arcu, adipiscing molestie, hendrerit at, vulputate vitae, nisl. Aenean lectus.', 50);
insert into rest_api_training (id, title, subtitle, description, person_id) values (13, 'Skyvu', 'OB/GYN', 'Vestibulum ante ipsum primis in faucibus orci luctus et ultrices posuere cubilia Curae; Nulla dapibus dolor vel est. Donec odio justo, sollicitudin ut, suscipit a, feugiat et, eros. Vestibulum ac est lacinia nisi venenatis tristique.', 32);
insert into rest_api_training (id, title, subtitle, description, person_id) values (14, 'Twinder', 'NYMEX', 'Integer ac leo. Pellentesque ultrices mattis odio. Donec vitae nisi.', 5);
insert into rest_api_training (id, title, subtitle, description, person_id) values (15, 'Quinu', 'WWAN', 'Cras pellentesque volutpat dui. Maecenas tristique, est et tempus semper, est quam pharetra magna, ac consequat metus sapien ut nunc.', 6);
insert into rest_api_training (id, title, subtitle, description, person_id) values (16, 'Flashset', 'Psychotherapy', 'Cras in purus eu magna vulputate luctus. Cum sociis natoque penatibus et magnis dis parturient montes, nascetur ridiculus mus.', 18);
insert into rest_api_training (id, title, subtitle, description, person_id) values (17, 'Linkbridge', 'Objection Handling', 'Integer tincidunt ante vel ipsum. Praesent blandit lacinia erat.', 2);
insert into rest_api_training (id, title, subtitle, description, person_id) values (18, 'Riffpath', 'Ulcerative Colitis', 'Duis at velit eu est congue elementum. In hac habitasse platea dictumst.', 11);
insert into rest_api_training (id, title, subtitle, description, person_id) values (19, 'Yakidoo', 'ECDL Certification', 'Cum sociis natoque penatibus et magnis dis parturient montes, nascetur ridiculus mus. Vivamus vestibulum sagittis sapien. Cum sociis natoque penatibus et magnis dis parturient montes, nascetur ridiculus mus.', 14);
insert into rest_api_training (id, title, subtitle, description, person_id) values (20, 'Voolia', 'Civil Rights', 'Donec vitae nisi. Nam ultrices, libero non mattis pulvinar, nulla pede ullamcorper augue, a suscipit nulla elit ac nulla.', 4);
insert into rest_api_training (id, title, subtitle, description, person_id) values (21, 'Feednation', 'Estimates', 'Praesent blandit. Nam nulla.', 2);
insert into rest_api_training (id, title, subtitle, description, person_id) values (22, 'Devbug', 'RGB', 'Nullam sit amet turpis elementum ligula vehicula consequat. Morbi a ipsum.', 16);
insert into rest_api_training (id, title, subtitle, description, person_id) values (23, 'Oba', 'Hedge Funds', 'Nulla facilisi. Cras non velit nec nisi vulputate nonummy.', 42);
insert into rest_api_training (id, title, subtitle, description, person_id) values (24, 'Yodo', 'Outsourcing Management', 'Ut at dolor quis odio consequat varius. Integer ac leo. Pellentesque ultrices mattis odio.', 11);
insert into rest_api_training (id, title, subtitle, description, person_id) values (25, 'Devify', 'NLRB', 'Nulla facilisi. Cras non velit nec nisi vulputate nonummy.', 24);
insert into rest_api_training (id, title, subtitle, description, person_id) values (26, 'Pixope', 'SAP PP', 'Vestibulum ante ipsum primis in faucibus orci luctus et ultrices posuere cubilia Curae; Nulla dapibus dolor vel est. Donec odio justo, sollicitudin ut, suscipit a, feugiat et, eros.', 47);
insert into rest_api_training (id, title, subtitle, description, person_id) values (27, 'Devpulse', 'DDTS', 'Fusce consequat. Nulla nisl. Nunc nisl.', 1);
insert into rest_api_training (id, title, subtitle, description, person_id) values (28, 'Feedmix', 'Customer Follow-up', 'Maecenas tristique, est et tempus semper, est quam pharetra magna, ac consequat metus sapien ut nunc. Vestibulum ante ipsum primis in faucibus orci luctus et ultrices posuere cubilia Curae; Mauris viverra diam vitae quam.', 45);
insert into rest_api_training (id, title, subtitle, description, person_id) values (29, 'Jayo', 'CTIOS', 'Vivamus metus arcu, adipiscing molestie, hendrerit at, vulputate vitae, nisl. Aenean lectus. Pellentesque eget nunc.', 8);
insert into rest_api_training (id, title, subtitle, description, person_id) values (30, 'Plajo', 'QPSK', 'Donec ut dolor. Morbi vel lectus in quam fringilla rhoncus.', 27);
insert into rest_api_training (id, title, subtitle, description, person_id) values (31, 'Kimia', 'Kronos', 'Maecenas rhoncus aliquam lacus. Morbi quis tortor id nulla ultrices aliquet.', 1);
insert into rest_api_training (id, title, subtitle, description, person_id) values (32, 'JumpXS', 'Public Health', 'Etiam vel augue. Vestibulum rutrum rutrum neque.', 4);
insert into rest_api_training (id, title, subtitle, description, person_id) values (33, 'Quire', 'SSPS', 'Nullam varius. Nulla facilisi.', 13);
insert into rest_api_training (id, title, subtitle, description, person_id) values (34, 'Twitterlist', 'Jingles', 'Morbi non quam nec dui luctus rutrum. Nulla tellus. In sagittis dui vel nisl.', 39);
insert into rest_api_training (id, title, subtitle, description, person_id) values (35, 'Realcube', 'CQM', 'Nullam porttitor lacus at turpis. Donec posuere metus vitae ipsum.', 35);
insert into rest_api_training (id, title, subtitle, description, person_id) values (36, 'Pixoboo', 'WMS Implementations', 'Maecenas tristique, est et tempus semper, est quam pharetra magna, ac consequat metus sapien ut nunc. Vestibulum ante ipsum primis in faucibus orci luctus et ultrices posuere cubilia Curae; Mauris viverra diam vitae quam.', 22);
insert into rest_api_training (id, title, subtitle, description, person_id) values (37, 'Kazu', 'Rheumatology', 'Praesent blandit. Nam nulla. Integer pede justo, lacinia eget, tincidunt eget, tempus vel, pede.', 37);
insert into rest_api_training (id, title, subtitle, description, person_id) values (38, 'Zooxo', 'International HR', 'In congue. Etiam justo. Etiam pretium iaculis justo.', 43);
insert into rest_api_training (id, title, subtitle, description, person_id) values (39, 'Voonix', 'Vulnerability', 'Fusce posuere felis sed lacus. Morbi sem mauris, laoreet ut, rhoncus aliquet, pulvinar sed, nisl.', 35);
insert into rest_api_training (id, title, subtitle, description, person_id) values (40, 'Zoomcast', 'ISO 27001', 'Ut tellus. Nulla ut erat id mauris vulputate elementum.', 26);
insert into rest_api_training (id, title, subtitle, description, person_id) values (41, 'Ozu', 'UHV', 'Duis ac nibh. Fusce lacus purus, aliquet at, feugiat non, pretium quis, lectus.', 41);
insert into rest_api_training (id, title, subtitle, description, person_id) values (42, 'Wikibox', 'Amazon EC2', 'Donec diam neque, vestibulum eget, vulputate ut, ultrices vel, augue. Vestibulum ante ipsum primis in faucibus orci luctus et ultrices posuere cubilia Curae; Donec pharetra, magna vestibulum aliquet ultrices, erat tortor sollicitudin mi, sit amet lobortis sapien sapien non mi.', 9);
insert into rest_api_training (id, title, subtitle, description, person_id) values (43, 'Skidoo', 'DLC', 'Suspendisse potenti. In eleifend quam a odio.', 26);
insert into rest_api_training (id, title, subtitle, description, person_id) values (44, 'JumpXS', 'Equity Derivatives', 'Donec vitae nisi. Nam ultrices, libero non mattis pulvinar, nulla pede ullamcorper augue, a suscipit nulla elit ac nulla.', 27);
insert into rest_api_training (id, title, subtitle, description, person_id) values (45, 'Jaxspan', 'DTT', 'Integer tincidunt ante vel ipsum. Praesent blandit lacinia erat. Vestibulum sed magna at nunc commodo placerat.', 24);
insert into rest_api_training (id, title, subtitle, description, person_id) values (46, 'Gabtype', 'Adolescents', 'Curabitur convallis. Duis consequat dui nec nisi volutpat eleifend.', 49);
insert into rest_api_training (id, title, subtitle, description, person_id) values (47, 'Brightbean', 'ILM', 'Integer tincidunt ante vel ipsum. Praesent blandit lacinia erat. Vestibulum sed magna at nunc commodo placerat.', 4);
insert into rest_api_training (id, title, subtitle, description, person_id) values (48, 'Dabfeed', 'jQuery', 'Pellentesque ultrices mattis odio. Donec vitae nisi.', 8);
insert into rest_api_training (id, title, subtitle, description, person_id) values (49, 'Dynabox', 'Sustainability', 'Maecenas tincidunt lacus at velit. Vivamus vel nulla eget eros elementum pellentesque.', 6);
insert into rest_api_training (id, title, subtitle, description, person_id) values (50, 'Linktype', 'Tour Management', 'Praesent blandit lacinia erat. Vestibulum sed magna at nunc commodo placerat.', 26);


/* Skill list */
insert into rest_api_skill (id, name, person_id) values (1, 'TMF', 38);
insert into rest_api_skill (id, name, person_id) values (2, 'Warehousing', 19);
insert into rest_api_skill (id, name, person_id) values (3, 'GNU C', 1);
insert into rest_api_skill (id, name, person_id) values (4, 'English', 17);
insert into rest_api_skill (id, name, person_id) values (5, 'IELTS', 19);
insert into rest_api_skill (id, name, person_id) values (6, 'LLDPE', 35);
insert into rest_api_skill (id, name, person_id) values (7, 'Tunneling', 40);
insert into rest_api_skill (id, name, person_id) values (8, 'Alzheimer&#39;s Disease', 44);
insert into rest_api_skill (id, name, person_id) values (9, 'BPF', 44);
insert into rest_api_skill (id, name, person_id) values (10, 'Job Evaluation', 49);
insert into rest_api_skill (id, name, person_id) values (11, 'EBP', 29);
insert into rest_api_skill (id, name, person_id) values (12, 'HUD', 25);
insert into rest_api_skill (id, name, person_id) values (13, 'Road Traffic', 43);
insert into rest_api_skill (id, name, person_id) values (14, 'QAQC', 13);
insert into rest_api_skill (id, name, person_id) values (15, 'Java Enterprise Edition', 17);
insert into rest_api_skill (id, name, person_id) values (16, 'JCL', 6);
insert into rest_api_skill (id, name, person_id) values (17, 'PPA', 36);
insert into rest_api_skill (id, name, person_id) values (18, 'NT Backup', 21);
insert into rest_api_skill (id, name, person_id) values (19, 'NDMP', 31);
insert into rest_api_skill (id, name, person_id) values (20, 'VHDL-AMS', 13);
insert into rest_api_skill (id, name, person_id) values (21, 'NDT', 49);
insert into rest_api_skill (id, name, person_id) values (22, 'Google Analytics', 1);
insert into rest_api_skill (id, name, person_id) values (23, 'SFX Editing', 2);
insert into rest_api_skill (id, name, person_id) values (24, 'Oracle BPEL', 25);
insert into rest_api_skill (id, name, person_id) values (25, 'Direct Marketing', 9);
insert into rest_api_skill (id, name, person_id) values (26, 'WHMIS', 10);
insert into rest_api_skill (id, name, person_id) values (27, 'iHotelier', 3);
insert into rest_api_skill (id, name, person_id) values (28, 'Market Analysis', 34);
insert into rest_api_skill (id, name, person_id) values (29, 'FCAW', 1);
insert into rest_api_skill (id, name, person_id) values (30, 'Urbanism', 33);
insert into rest_api_skill (id, name, person_id) values (31, 'Alternative Investments', 45);
insert into rest_api_skill (id, name, person_id) values (32, 'TSCA', 48);
insert into rest_api_skill (id, name, person_id) values (33, 'TK Solver', 9);
insert into rest_api_skill (id, name, person_id) values (34, 'Windows Vista', 47);
insert into rest_api_skill (id, name, person_id) values (35, 'MyBatis', 15);
insert into rest_api_skill (id, name, person_id) values (36, 'Utilization', 38);
insert into rest_api_skill (id, name, person_id) values (37, 'ClearCase', 10);
insert into rest_api_skill (id, name, person_id) values (38, 'Creative Writing', 42);
insert into rest_api_skill (id, name, person_id) values (39, 'Fashion Buying', 30);
insert into rest_api_skill (id, name, person_id) values (40, 'Analog Circuit Design', 19);
insert into rest_api_skill (id, name, person_id) values (41, 'Play Therapy', 7);
insert into rest_api_skill (id, name, person_id) values (42, 'HSRP', 8);
insert into rest_api_skill (id, name, person_id) values (43, 'SRST', 16);
insert into rest_api_skill (id, name, person_id) values (44, 'Bootstrap', 43);
insert into rest_api_skill (id, name, person_id) values (45, 'Minority Owned', 13);
insert into rest_api_skill (id, name, person_id) values (46, 'Flash Animation', 41);
insert into rest_api_skill (id, name, person_id) values (47, 'Invoicing', 32);
insert into rest_api_skill (id, name, person_id) values (48, 'LCM', 7);
insert into rest_api_skill (id, name, person_id) values (49, 'OO Software Development', 45);
insert into rest_api_skill (id, name, person_id) values (50, 'GDI+', 43);


/* Language list */
insert into rest_api_language (id, name, person_id) values (1, 'Aymara', 33);
insert into rest_api_language (id, name, person_id) values (2, 'Somali', 8);
insert into rest_api_language (id, name, person_id) values (3, 'Kazakh', 24);
insert into rest_api_language (id, name, person_id) values (4, 'Marathi', 33);
insert into rest_api_language (id, name, person_id) values (5, 'Norwegian', 17);
insert into rest_api_language (id, name, person_id) values (6, 'Aymara', 48);
insert into rest_api_language (id, name, person_id) values (7, 'Ndebele', 5);
insert into rest_api_language (id, name, person_id) values (8, 'Dutch', 25);
insert into rest_api_language (id, name, person_id) values (9, 'Hungarian', 8);
insert into rest_api_language (id, name, person_id) values (10, 'Hindi', 1);
insert into rest_api_language (id, name, person_id) values (11, 'Italian', 42);
insert into rest_api_language (id, name, person_id) values (12, 'Guaraní', 23);
insert into rest_api_language (id, name, person_id) values (13, 'Lao', 23);
insert into rest_api_language (id, name, person_id) values (14, 'Hebrew', 28);
insert into rest_api_language (id, name, person_id) values (15, 'Japanese', 29);
insert into rest_api_language (id, name, person_id) values (16, 'Icelandic', 42);
insert into rest_api_language (id, name, person_id) values (17, 'Latvian', 14);
insert into rest_api_language (id, name, person_id) values (18, 'Hindi', 31);
insert into rest_api_language (id, name, person_id) values (19, 'Tok Pisin', 23);
insert into rest_api_language (id, name, person_id) values (20, 'Assamese', 47);
insert into rest_api_language (id, name, person_id) values (21, 'Macedonian', 43);
insert into rest_api_language (id, name, person_id) values (22, 'Korean', 26);
insert into rest_api_language (id, name, person_id) values (23, 'Thai', 20);
insert into rest_api_language (id, name, person_id) values (24, 'Malay', 10);
insert into rest_api_language (id, name, person_id) values (25, 'Amharic', 40);
insert into rest_api_language (id, name, person_id) values (26, 'Kurdish', 32);
insert into rest_api_language (id, name, person_id) values (27, 'Norwegian', 30);
insert into rest_api_language (id, name, person_id) values (28, 'Telugu', 29);
insert into rest_api_language (id, name, person_id) values (29, 'Malayalam', 2);
insert into rest_api_language (id, name, person_id) values (30, 'Tswana', 45);
insert into rest_api_language (id, name, person_id) values (31, 'Afrikaans', 20);
insert into rest_api_language (id, name, person_id) values (32, 'Hiri Motu', 29);
insert into rest_api_language (id, name, person_id) values (33, 'Catalan', 33);
insert into rest_api_language (id, name, person_id) values (34, 'Malay', 16);
insert into rest_api_language (id, name, person_id) values (35, 'Persian', 47);
insert into rest_api_language (id, name, person_id) values (36, 'Polish', 13);
insert into rest_api_language (id, name, person_id) values (37, 'English', 33);
insert into rest_api_language (id, name, person_id) values (38, 'Punjabi', 9);
insert into rest_api_language (id, name, person_id) values (39, 'Quechua', 50);
insert into rest_api_language (id, name, person_id) values (40, 'Swahili', 47);
insert into rest_api_language (id, name, person_id) values (41, 'Hebrew', 50);
insert into rest_api_language (id, name, person_id) values (42, 'Quechua', 12);
insert into rest_api_language (id, name, person_id) values (43, 'Swati', 4);
insert into rest_api_language (id, name, person_id) values (44, 'Amharic', 47);
insert into rest_api_language (id, name, person_id) values (45, 'Macedonian', 24);
insert into rest_api_language (id, name, person_id) values (46, 'Macedonian', 31);
insert into rest_api_language (id, name, person_id) values (47, 'Pashto', 33);
insert into rest_api_language (id, name, person_id) values (48, 'Chinese', 39);
insert into rest_api_language (id, name, person_id) values (49, 'West Frisian', 25);
insert into rest_api_language (id, name, person_id) values (50, 'West Frisian', 33);
